{
  "main": {
    "id": "ac99801f6868731c",
    "type": "split",
    "children": [
      {
        "id": "556dc5f0bd913698",
        "type": "tabs",
        "children": [
          {
            "id": "fdc47e26e52dc7dd",
            "type": "leaf",
            "state": {
              "type": "markdown",
              "state": {
                "file": "Shared Responsibility Model.md",
                "mode": "source",
                "source": false
              },
              "icon": "lucide-file",
              "title": "Shared Responsibility Model"
            }
          }
        ]
      },
      {
        "id": "d5572aa0877cf75f",
        "type": "tabs",
        "children": [
          {
            "id": "756c31d578d16a44",
            "type": "leaf",
            "state": {
              "type": "markdown",
              "state": {
                "file": "CLF-CO2.md",
                "mode": "source",
                "source": false
              },
              "icon": "lucide-file",
              "title": "CLF-CO2"
            }
          }
        ]
      }
    ],
    "direction": "vertical"
  },
  "left": {
    "id": "ad7d414be4741b75",
    "type": "split",
    "children": [
      {
        "id": "a840732859cd3760",
        "type": "tabs",
        "dimension": 67.97979797979798,
        "children": [
          {
            "id": "4c11b7284cee9991",
            "type": "leaf",
            "state": {
              "type": "file-explorer",
              "state": {
                "sortOrder": "alphabetical",
                "autoReveal": false
              },
              "icon": "lucide-folder-closed",
              "title": "Files"
            }
          },
          {
            "id": "30cc707d0c56de99",
            "type": "leaf",
            "state": {
              "type": "search",
              "state": {
                "query": "",
                "matchingCase": false,
                "explainSearch": false,
                "collapseAll": false,
                "extraContext": false,
                "sortOrder": "alphabetical"
              },
              "icon": "lucide-search",
              "title": "Search"
            }
          },
          {
            "id": "ca165fb0cd78d943",
            "type": "leaf",
            "state": {
              "type": "bookmarks",
              "state": {},
              "icon": "lucide-bookmark",
              "title": "Bookmarks"
            }
          }
        ]
      },
      {
        "id": "c64f7295272402b1",
        "type": "tabs",
        "dimension": 32.02020202020202,
        "children": [
          {
            "id": "d97602c5aead263a",
            "type": "leaf",
            "state": {
              "type": "graph",
              "state": {},
              "icon": "lucide-git-fork",
              "title": "Graph view"
            }
          }
        ]
      }
    ],
    "direction": "horizontal",
    "width": 300
  },
  "right": {
    "id": "89a82e7fcb5d9c56",
    "type": "split",
    "children": [
      {
        "id": "7fdcb7998e5c90f2",
        "type": "tabs",
        "dimension": 65.31007751937985,
        "children": [
          {
            "id": "288697a5a0068645",
            "type": "leaf",
            "state": {
              "type": "backlink",
              "state": {
                "file": "Shared Responsibility Model.md",
                "collapseAll": false,
                "extraContext": false,
                "sortOrder": "alphabetical",
                "showSearch": false,
                "searchQuery": "",
                "backlinkCollapsed": false,
                "unlinkedCollapsed": true
              },
              "icon": "links-coming-in",
              "title": "Backlinks for Shared Responsibility Model"
            }
          },
          {
            "id": "e4ab2d47abb2d07a",
            "type": "leaf",
            "state": {
              "type": "outgoing-link",
              "state": {
                "file": "Shared Responsibility Model.md",
                "linksCollapsed": false,
                "unlinkedCollapsed": true
              },
              "icon": "links-going-out",
              "title": "Outgoing links from Shared Responsibility Model"
            }
          },
          {
            "id": "de8114e4f071bd7c",
            "type": "leaf",
            "state": {
              "type": "tag",
              "state": {
                "sortOrder": "frequency",
                "useHierarchy": true,
                "showSearch": false,
                "searchQuery": ""
              },
              "icon": "lucide-tags",
              "title": "Tags"
            }
          },
          {
            "id": "a3e718db9b0946df",
            "type": "leaf",
            "state": {
              "type": "outline",
              "state": {
                "file": "Shared Responsibility Model.md",
                "followCursor": true,
                "showSearch": true,
                "searchQuery": ""
              },
              "icon": "lucide-list",
              "title": "Outline of Shared Responsibility Model"
            }
          }
        ],
        "currentTab": 2
      },
      {
        "id": "096a67d40d8f92f4",
        "type": "tabs",
        "dimension": 34.689922480620154,
        "children": [
          {
            "id": "3882b62a87ed7174",
            "type": "leaf",
            "state": {
              "type": "calendar",
              "state": {},
              "icon": "calendar-with-checkmark",
              "title": "Calendar"
            }
          }
        ]
      }
    ],
    "direction": "horizontal",
    "width": 300
  },
  "left-ribbon": {
    "hiddenItems": {
      "switcher:Open quick switcher": false,
      "graph:Open graph view": false,
      "canvas:Create new canvas": false,
      "daily-notes:Open today's daily note": false,
      "templates:Insert template": false,
      "command-palette:Open command palette": false,
      "bases:Create new base": false,
      "obsidian-kanban:Create new board": false,
      "obsidian-excalidraw-plugin:New drawing": false,
      "omnisearch:Omnisearch": false
    }
  },
  "active": "fdc47e26e52dc7dd",
  "lastOpenFiles": [
    "Cloud Technology and Services.md",
    "Shared Responsibility Model.md",
    "Cloud Concepts.md",
    "Configure Account and Budget.md",
    "Global Infrastructure.md",
    "Creating Account.md",
    "Security and Compliance.md",
    "CLF-CO2.md",
    "Billing, Pricing, and Support.md",
    "AWS CLI.md",
    "Drawings/Drawing 2025-09-02 17.46.21.excalidraw.md",
    "Excalidraw",
    "Drawings",
    "Excalidraw/Drawing 2025-09-01 21.19.22.excalidraw.md",
    "Untitled Kanban.md"
  ]
}